i->num,i->cx,i->cy,i->rect.x,i->rect.y,i->rect.width,i->rect.height,i->state,i->ep[i],time



11,1346.85,1818.37,1323,1781,49,76,1,1362.74,1855.3,1323.23,1850.91,1330.95,1781.44,1370.46,1785.83,3
14,1330.71,1378.94,1315,1353,32,53,1,1336.15,1404.23,1315.96,1400.19,1325.27,1353.65,1345.46,1357.69,3
19,1053.06,880.589,1030,866,47,31,1,1074.47,895.087,1030.95,893.999,1031.65,866.091,1075.17,867.179,3
11,1351.16,1806.55,1324,1758,56,98,1,1368.21,1854.67,1324.29,1849.96,1334.1,1758.44,1378.02,1763.15,4
14,1334,1361,1319,1335,31,53,1,1339.54,1386.31,1319.15,1382.23,1328.46,1335.69,1348.85,1339.77,4
19,1055.36,873.746,1031,852,49,45,1,1075.89,895.211,1031.93,891.995,1034.83,852.281,1078.79,855.497,4
11,1352.83,1794.33,1325,1739,56,111,1,1370.1,1848.95,1325.71,1844.79,1335.56,1739.71,1379.95,1743.87,5
14,1337.1,1343.01,1323,1318,29,51,1,1344.28,1367.44,1323.77,1364.7,1329.92,1318.59,1350.42,1321.32,5
19,1058.7,863.012,1035,840,48,47,1,1079.2,885.254,1035.66,882.616,1038.2,840.77,1081.73,843.408,5
11,1354.9,1771.42,1328,1714,54,116,1,1372.88,1828.71,1328.96,1825.57,1336.92,1714.14,1380.84,1717.27,6
14,1339.7,1325.1,1326,1300,29,51,1,1346.78,1349.54,1326.06,1346.58,1332.62,1300.66,1353.34,1303.62,6
19,1062.21,853.025,1038,827,50,53,1,1080.78,878.337,1038.13,873.167,1043.64,827.714,1086.29,832.883,6
11,1358.74,1745.39,1332,1691,55,109,1,1375.92,1798.9,1332.19,1794.93,1341.56,1691.87,1385.29,1695.84,7
14,1342.16,1307.59,1328,1283,29,50,1,1349.41,1331.45,1328.9,1328.72,1334.9,1283.72,1355.41,1286.45,7
19,1066.44,842.235,1040,813,54,59,1,1080.77,870.941,1040.29,860.824,1052.12,813.529,1092.59,823.647,7
11,1361.14,1723.76,1335,1670,54,108,1,1378.7,1776.56,1335.09,1772.92,1343.59,1670.97,1387.2,1674.6,8
14,1344.68,1290.1,1330,1265,30,51,1,1351.51,1314.63,1330.97,1311.55,1337.86,1265.58,1358.4,1268.66,8
19,1068.81,833.462,1042,802,54,64,1,1084.15,864.231,1042.81,855.962,1053.46,802.692,1094.81,810.962,8
11,1361.32,1702.53,1337,1648,49,110,1,1375.25,1756.21,1337.93,1752.81,1347.38,1648.85,1384.71,1652.25,9
14,1347.2,1272.53,1333,1248,29,50,1,1353.97,1296.55,1333.67,1293.5,1340.42,1248.51,1360.72,1251.56,9
19,1072.21,822.859,1044,790,57,67,1,1085.34,855.524,1044.8,844.947,1059.08,790.195,1099.62,800.772,9
11,1364.09,1680.01,1341,1627,48,107,1,1377.98,1732.18,1341.02,1728.82,1350.2,1627.84,1387.16,1631.2,10
14,1350.15,1255.95,1336,1232,29,49,1,1357.36,1279.48,1336.64,1276.52,1342.94,1232.42,1363.66,1235.38,10
19,1074.95,813.712,1048,780,55,69,1,1088.82,847.294,1048.16,838.259,1061.08,780.129,1101.74,789.165,10


11,1367.42,1658.99,1344,1607,48,105,1,1383.09,1710.85,1344.01,1707.85,1351.76,1607.14,1390.84,1610.14,11
14,1351.21,1238.68,1335,1214,33,51,1,1355.41,1263.35,1335.88,1258.47,1347,1214,1366.53,1218.88,11
19,1077.29,803.579,1052,772,51,64,1,1095.92,834.792,1052.85,830.485,1058.66,772.366,1101.73,776.673,11
200,858.348,291.679,844,279,30,27,1,846.021,304.248,844.11,281.324,870.676,279.11,872.586,302.034,11
203,1216.96,2108.78,1197,2075,41,69,1,1227.14,2142.02,1197.88,2137.84,1206.78,2075.54,1236.04,2079.72,12
11,1369,1638,1348,1589,43,99,1,1348,1687,1348,1589,1390,1589,1390,1687,12
14,1355.09,1222.87,1341,1199,29,49,1,1362.38,1246.34,1341.52,1243.36,1347.8,1199.4,1368.66,1202.38,12
19,1080.8,792.611,1056,761,51,64,1,1098.95,823.942,1056.53,819.477,1062.65,761.279,1105.08,765.745,12
200,855.344,296.986,839,283,34,29,1,842.821,310.335,839.387,288.017,867.867,283.636,871.3,305.954,12
203,1220.69,2081.41,1200,2047,42,70,1,1229.89,2115.05,1200.75,2110.03,1211.49,2047.77,1240.62,2052.8,13
11,1371.5,1617.5,1351,1569,42,98,1,1351,1666,1351,1569,1392,1569,1392,1666,13
14,1356.26,1205.94,1340,1181,33,51,1,1360.71,1230.18,1340.94,1225.24,1351.82,1181.71,1371.59,1186.65,13
19,1083.84,782.247,1059,751,51,64,1,1102.01,813.37,1059.59,808.904,1065.67,751.123,1108.1,755.589,13
200,852.776,304.31,837,291,33,28,1,839.131,317.572,837.124,293.49,866.421,291.048,868.428,315.131,13
203,1225.16,2054.38,1205,2021,41,68,1,1235.52,2087.36,1205.98,2083.14,1214.8,2021.4,1244.34,2025.62,14
11,1376.53,1597.67,1352,1547,51,103,1,1392.9,1648.24,1352.01,1644.83,1360.16,1547.1,1401.04,1550.5,14
14,1360.04,1189.52,1347,1168,27,44,1,1370.84,1210.87,1347.56,1209.94,1349.23,1168.17,1372.52,1169.1,14
19,1087.5,771.5,1065,744,46,56,1,1065,799,1065,744,1110,744,1110,799,14

200,853.263,312.479,834,297,40,32,1,869.97,327.345,834.24,324.238,836.555,297.614,872.285,300.72,14

203,1228.82,2027.7,1209,1994,41,69,1,1238.53,2061.08,1209.52,2056.62,1219.1,1994.32,1248.11,1998.79,15
11,1376.5,1577,1356,1530,42,95,1,1356,1624,1356,1530,1397,1530,1397,1624,15
14,1362.5,1174,1351,1153,24,43,1,1351,1195,1351,1153,1374,1153,1374,1195,15
19,1090.16,760.527,1064,727,53,68,1,1105.95,793.324,1064.59,786.433,1074.38,727.73,1115.73,734.622,15
284,849.826,433.55,835,415,31,38,1,854.569,451.864,835.426,445.819,845.083,415.237,864.227,421.282,15
200,850.023,318.815,829,303,43,33,1,866.8,334.6,829.877,329.985,833.246,303.031,870.169,307.646,15
290,1304,2127,1283,2113,43,29,1,1283,2141,1283,2113,1325,2113,1325,2141,16
203,1232.73,2001.82,1213,1968,41,69,1,1242.13,2035.42,1213.31,2030.81,1223.33,1968.21,1252.15,1972.82,16
11,1380.57,1557.47,1357,1508,48,100,1,1397.43,1606.56,1357.34,1603.89,1363.71,1508.38,1403.8,1511.05,16
14,1365.5,1158,1353,1138,26,41,1,1353,1178,1353,1138,1378,1138,1378,1178,16
19,1094.5,751,1071,723,48,57,1,1071,779,1071,723,1118,723,1118,779,16
284,846.102,442.211,830,423,33,39,1,853.314,460.609,830.77,454.676,838.891,423.814,861.435,429.746,16
200,846.789,325.498,824,307,46,38,1,863.415,343.041,824.842,335.623,830.163,307.954,868.736,315.372,16
290,1308.38,2101.45,1283,2083,52,37,1,1288.55,2118.95,1283.43,2092.67,1328.21,2083.96,1333.32,2110.24,17
203,1236.64,1976.33,1217,1943,40,68,1,1246.16,2009.49,1217.6,2005.09,1227.13,1943.17,1255.68,1947.57,17
11,1381,1538,1361,1491,41,95,1,1361,1585,1361,1491,1401,1491,1401,1585,17
14,1368.5,1143,1355,1123,28,41,1,1355,1163,1355,1123,1382,1123,1382,1163,17
19,1097.5,740.5,1074,713,48,56,1,1074,768,1074,713,1121,713,1121,768,17
284,843.1,451.7,826,432,36,41,1,849.6,471.2,826.2,463.4,836.6,432.2,860,440,17
200,843.547,332.702,820,313,48,40,1,859.67,351.588,820.644,342.296,827.425,313.815,866.451,323.107,17
290,1317.22,2049.57,1288,2006,59,88,1,1329.56,2092.33,1288.69,2083.72,1304.88,2006.82,1345.75,2015.42,18
203,1240.59,1950.43,1221,1917,41,68,1,1249.7,1983.78,1221.16,1979.03,1231.49,1917.08,1260.03,1921.84,18
11,1383,1519,1363,1472,41,95,1,1363,1566,1363,1472,1403,1472,1403,1566,18
14,1371.65,1127.14,1357,1106,31,44,1,1384.26,1148.1,1357.26,1146.92,1359.04,1106.18,1386.03,1107.35,18
19,1101,730,1078,702,47,57,1,1078,758,1078,702,1124,702,1124,758,18
284,838.683,460.84,820,439,39,44,1,844.225,481.74,820.032,471.778,833.142,439.941,857.334,449.902,18
200,840.12,339.16,818,321,45,38,1,857.28,357.04,818.64,351.52,822.96,321.28,861.6,326.8,18
290,1320.8,2026.62,1291,1984,61,86,1,1330.93,2068.4,1291.05,2057.67,1310.66,1984.83,1350.54,1995.57,19
203,1243.96,1925.85,1224,1893,41,67,1,1253.38,1958.64,1224.71,1954.02,1234.54,1893.05,1263.21,1897.68,19
11,1385,1499.5,1365,1453,41,94,1,1365,1546,1365,1453,1405,1453,1405,1546,19
14,1373,1112,1359,1092,29,41,1,1359,1132,1359,1092,1387,1092,1387,1132,19
19,1103.99,719.738,1079,690,51,60,1,1082.19,748.569,1079.28,693.354,1125.78,690.906,1128.69,746.122,19
284,834.388,469.402,816,449,38,42,1,840.969,489.754,816.489,481.114,827.806,449.049,852.286,457.689,19
200,836.712,345.942,813,327,48,39,1,853.692,364.538,813.885,356.577,819.731,327.346,859.539,335.308,19
290,1324,2010.5,1293,1976,63,71,1,1336,2045,1293.7,2030.9,1312,1976,1354.3,1990.1,20
203,1247.7,1901.99,1228,1870,41,65,1,1256.83,1933.75,1228.38,1928.81,1238.57,1870.23,1267.01,1875.18,20
11,1387.5,1481,1368,1435,40,93,1,1368,1527,1368,1435,1407,1435,1407,1527,20
14,1375.73,1097.04,1361,1075,31,45,1,1388.05,1118.11,1361.28,1116.7,1363.42,1075.97,1390.19,1077.38,20
19,1106.81,709.878,1082,681,51,59,1,1085.19,738.569,1082.3,683.616,1128.43,681.188,1131.32,736.141,20
284,829.331,479.195,810,457,40,45,1,834.728,500.947,810.183,490.84,823.935,457.444,848.479,467.55,20
200,833.358,353.041,808,332,51,43,1,850.057,373.383,808.808,362.528,816.658,332.699,857.907,343.554,20

290,1321.24,2007.12,1297,1980,50,55,1,1340.47,2033.35,1297.2,2029.02,1302.01,1980.9,1345.28,1985.23,21
203,1251.71,1877.53,1233,1845,38,66,1,1261.36,1909.48,1233.5,1905.5,1242.06,1845.58,1269.92,1849.56,21
11,1390,1463,1370,1417,41,93,1,1370,1509,1370,1417,1410,1417,1410,1509,21
14,1377.83,1082.52,1363,1061,31,44,1,1390.16,1103.18,1363.3,1101.68,1365.51,1061.86,1392.37,1063.35,21
19,1110,700.5,1087,673,47,56,1,1087,728,1087,673,1133,673,1133,728,21
284,825.685,488.239,806,465,40,48,1,830.453,511.121,806.711,501.887,820.917,465.357,844.66,474.59,21
200,829.358,360.314,807,341,46,40,1,847.301,379.24,807.083,373.878,811.415,341.389,851.633,346.751,21
424,722.251,2112.03,688,2065,69,94,1,730.865,2158.99,688.56,2145.86,713.637,2065.06,755.942,2078.19,22
290,1322.99,1970.11,1302,1954,43,33,1,1340.41,1985.27,1302.66,1981.07,1305.56,1954.95,1343.32,1959.15,22
203,1254.72,1857.76,1237,1830,36,56,1,1264.9,1884.71,1237.68,1881,1244.53,1830.8,1271.75,1834.51,22
11,1391.5,1444,1372,1398,40,93,1,1372,1490,1372,1398,1411,1398,1411,1490,22
14,1380,1068.5,1366,1048,29,42,1,1366,1089,1366,1048,1394,1048,1394,1089,22
19,1112.99,690.334,1088,662,51,58,1,1091.26,718.652,1088.26,664.597,1134.72,662.015,1137.73,716.071,22
284,821.269,497.846,801,474,41,48,1,825.941,520.858,801.749,510.896,816.598,474.834,840.79,484.796,22
200,826.269,380.395,804,345,46,71,1,808.826,414.978,804.244,348.535,843.711,345.813,848.294,412.256,22
424,730.55,2086.16,694,2037,74,99,1,737.068,2134.81,694.688,2119.67,724.032,2037.51,766.412,2052.65,23
290,1325,1947.17,1304,1933,43,30,1,1307.67,1961.17,1304.66,1938.09,1342.33,1933.17,1345.34,1956.26,23
203,1259.02,1832.18,1241,1804,37,57,1,1269.06,1859.92,1241.92,1856.22,1248.98,1804.45,1276.12,1808.15,23
11,1394.5,1426,1375,1381,40,91,1,1375,1471,1375,1381,1414,1381,1414,1471,23
14,1382.5,1062,1369,1034,28,57,1,1369,1090,1369,1034,1396,1034,1396,1090,23
19,1116,681.5,1093,655,47,54,1,1093,708,1093,655,1139,655,1139,708,23
284,816.387,506.505,795,482,44,50,1,820.588,530.928,795.443,519.753,812.186,482.083,837.33,493.258,23

200,822.5,388,803,354,40,69,1,803,422,803,354,842,354,842,422,23
424,737.156,2060.04,704,2011,67,99,1,746.772,2108.61,704.635,2097.37,727.539,2011.48,769.676,2022.71,24
290,1329,1922,1310,1910,39,25,1,1310,1934,1310,1910,1348,1910,1348,1934,24
203,1263.31,1803.04,1246,1777,35,53,1,1274.11,1828.14,1246.66,1824.71,1252.51,1777.94,1279.95,1781.37,24
11,1396.5,1408,1377,1363,40,91,1,1377,1453,1377,1363,1416,1363,1416,1453,24
14,1384.5,1048,1371,1020,28,57,1,1371,1076,1371,1020,1398,1020,1398,1076,24
19,1119,670.558,1094,642,51,58,1,1096.86,698.467,1094.79,644.431,1141.14,642.648,1143.22,696.684,24
284,812.13,515.986,791,491,43,51,1,817.767,540.288,791.904,530.589,806.493,491.685,832.356,501.384,24
200,819,395,799,361,41,69,1,799,429,799,361,839,361,839,429,24
495,1490.25,362.858,1478,347,25,33,1,1494.15,378.472,1478.7,374.057,1486.36,347.245,1501.81,351.66,24
424,744.691,2034.24,710,1983,70,103,1,751.73,2084.61,710.699,2072.07,737.652,1983.87,778.682,1996.4,25
290,1332,1897.5,1313,1886,39,24,1,1313,1909,1313,1886,1351,1886,1351,1909,25
203,1266.12,1781.52,1247,1752,39,60,1,1274.76,1810.27,1247.65,1805.18,1257.48,1752.78,1284.59,1757.86,25
11,1407.09,1351.17,1374,1261,67,181,1,1414.46,1440.42,1374.65,1434.64,1399.72,1261.91,1439.53,1267.69,25
14,1386.5,1033.5,1373,1005,28,58,1,1373,1062,1373,1005,1400,1005,1400,1062,25
19,1124.45,661.272,1098,629,54,66,1,1139.4,693.513,1098.83,685.906,1109.49,629.03,1150.07,636.638,25
284,807.793,525.483,786,500,45,52,1,812.172,550.931,786.345,539.862,803.414,500.034,829.241,511.103,25
200,816.252,400.903,793,364,48,74,1,797.769,436.918,793.294,367.562,834.735,364.888,839.209,434.245,25
495,1490.98,355.096,1480,340,23,31,1,1496.62,369.923,1480.08,366.615,1485.35,340.269,1501.88,343.577,25

424,752.95,2006.65,717,1955,73,105,1,758.6,2058.2,717.5,2044.5,747.3,1955.1,788.4,1968.8,26
290,1334.72,1872.82,1315,1859,40,29,1,1351.47,1886.35,1315.62,1882.76,1317.97,1859.3,1353.81,1862.88,26
203,1270.11,1760.64,1252,1732,37,59,1,1280.97,1789.25,1252.54,1785.69,1259.25,1732.03,1287.68,1735.58,26
11,1409.61,1334.41,1376,1245,68,180,1,1415.82,1423.73,1376.4,1417.56,1403.39,1245.09,1442.81,1251.26,26
14,1389.5,1019.5,1376,992,28,56,1,1376,1047,1376,992,1403,992,1403,1047,26
19,1126.5,658.5,1108,624,38,70,1,1108,693,1108,624,1145,624,1145,693,26
284,802.949,534.502,780,508,47,54,1,807.191,560.686,780.538,548.692,798.707,508.318,825.36,520.312,26
200,813.595,408.458,790,372,48,74,1,793.511,444.288,790.818,374.276,833.678,372.628,836.371,442.64,26
495,1491.39,347.089,1481,332,21,31,1,1498.22,361.822,1481.78,360.178,1484.56,332.356,1501,334,26
569,634.91,2106.23,588,2054,95,105,1,619.504,2158.3,588.589,2134.56,650.315,2054.17,681.231,2077.91,27
424,760.049,1982.34,725,1931,71,104,1,767.768,2033.19,725.31,2020.27,752.329,1931.49,794.787,1944.41,27
290,1337.5,1850,1319,1839,38,23,1,1319,1861,1319,1839,1356,1839,1356,1861,27
203,1272.13,1737.92,1251,1707,43,63,1,1280.36,1768.83,1251.85,1762.67,1263.89,1707,1292.4,1713.17,27
11,1411.92,1317.29,1378,1228,69,179,1,1418.92,1405.66,1378.81,1399.52,1404.92,1228.93,1445.03,1235.07,27
14,1392,1006,1378,978,29,57,1,1378,1034,1378,978,1406,978,1406,1034,27
19,1128.5,649.5,1109,615,40,70,1,1109,684,1109,615,1148,615,1148,684,27
284,798.699,546.323,777,519,44,56,1,806.191,573.35,777.768,564.99,791.207,519.296,819.631,527.656,27
200,809.5,414.5,788,378,44,74,1,788,451,788,378,831,378,831,451,27
495,1492.21,340.242,1480,324,25,33,1,1497.69,355.697,1480.52,351.736,1486.74,324.786,1503.9,328.747,27
569,644.22,2073.92,599,2021,91,107,1,632.639,2126.12,599.48,2103.2,655.8,2021.71,688.959,2044.63,28
424,767.86,1955.38,732,1904,73,104,1,774.994,2006.52,732.36,1992.88,760.726,1904.23,803.36,1917.88,28
290,1339,1827.5,1322,1817,35,22,1,1322,1838,1322,1817,1356,1817,1356,1838,28
203,1274.62,1721.32,1251,1685,49,74,1,1279.85,1757.53,1251.06,1749.3,1269.4,1685.11,1298.19,1693.34,28
11,1414.27,1300.75,1381,1213,67,176,1,1423.08,1387.69,1381.66,1381.83,1405.46,1213.81,1446.88,1219.67,28
14,1393.5,992,1380,964,28,57,1,1380,1020,1380,964,1407,964,1407,1020,28
19,1131.62,639.704,1107,604,50,73,1,1111.43,675.24,1107.81,606.483,1151.8,604.168,1155.42,672.925,28
284,794.388,555.884,773,528,44,57,1,802.046,583.555,773.054,575.099,786.73,528.213,815.722,536.669,28
200,809.589,424.318,779,385,63,80,1,833.227,463.117,779.052,457.957,785.951,385.519,840.126,390.679,28
495,1494.05,333.35,1481,317,27,34,1,1497.8,349.6,1481.3,344.1,1490.3,317.1,1506.8,322.6,28
569,654.68,2040.77,607,1984,96,115,1,640.815,2097.48,607.904,2075.7,668.545,1984.07,701.455,2005.85,29
424,774.599,1931.19,739,1880,72,103,1,781.869,1981.41,739.644,1967.98,767.328,1880.97,809.554,1894.4,29
290,1342.5,1805.5,1325,1796,36,20,1,1325,1815,1325,1796,1360,1796,1360,1815,29
203,1283.9,1704.87,1260,1664,48,83,1,1297.82,1745.57,1260.91,1741.23,1269.98,1664.17,1306.88,1668.52,29
11,1416.27,1286.24,1383,1197,67,179,1,1426.05,1374.61,1383.67,1368.96,1406.48,1197.86,1448.86,1203.52,29
14,1396.5,978,1382,950,30,57,1,1382,1006,1382,950,1411,950,1411,1006,29
19,1134,620.5,1110,596,49,50,1,1110,645,1110,596,1158,596,1158,645,29
284,789.637,565.301,766,536,48,60,1,794.548,594.206,766.931,583.849,784.726,536.397,812.342,546.753,29
200,800.184,421.819,757,369,87,107,1,803.602,474.281,757.781,452.898,796.766,369.358,842.588,390.741,29
495,1495.13,325.452,1483,309,25,34,1,1500.58,341.135,1483.35,337.157,1489.67,309.77,1506.9,313.747,29

569,663.223,2010.98,615,1954,97,115,1,651.077,2067.65,615.867,2044.4,675.368,1954.3,710.579,1977.55,30
424,782.596,1905.58,747,1855,72,103,1,790.012,1956.02,747.62,1942.68,775.181,1855.13,817.572,1868.48,30
290,1345.45,1780.53,1327,1769,38,24,1,1328.06,1791.3,1327.08,1771.55,1362.84,1769.76,1363.83,1789.51,30
203,1287.68,1684.08,1263,1642,50,85,1,1301.97,1725.25,1263.69,1720.46,1273.38,1642.92,1311.66,1647.71,30
11,1419.28,1269.35,1384,1182,71,176,1,1427.8,1356.01,1384.87,1349.34,1410.76,1182.7,1453.69,1189.37,30
14,1396.21,964.942,1375,933,44,65,1,1405.77,996.154,1375.38,990.077,1386.65,933.731,1417.04,939.808,30
19,1135.75,611.25,1104,578,64,68,1,1121.7,644.1,1104.8,593.4,1149.8,578.4,1166.7,629.1,30
284,785.086,575.534,761,545,49,62,1,789.517,605.207,761.414,593.966,780.655,545.862,808.759,557.103,30
200,796.62,429.236,753,375,88,109,1,800.651,482.569,753.788,461.267,792.589,375.904,839.452,397.205,30
495,1496.65,318.55,1483,301,28,36,1,1500.6,335.2,1483.5,329.5,1492.7,301.9,1509.8,307.6,30
679,1008.51,181.815,994,164,30,37,1,1012.18,199.192,994.315,192.493,1004.84,164.438,1022.7,171.137,30
569,666.486,1981.25,627,1922,80,119,1,673.395,2039.94,627.388,2025.56,659.576,1922.56,705.584,1936.93,31
424,789.505,1881.78,755,1833,70,99,1,797.701,1930.16,755.224,1916.88,781.31,1833.41,823.786,1846.68,31
290,1349,1760,1331,1750,37,21,1,1331,1770,1331,1750,1367,1750,1367,1770,31
203,1290.7,1652.93,1261,1601,61,105,1,1298.35,1704.85,1261.35,1696.44,1283.04,1601.01,1320.04,1609.42,31
11,1420.72,1255.36,1386,1168,70,176,1,1429.41,1342.71,1386.88,1336.35,1412.03,1168.02,1454.56,1174.37,31
14,1399.69,951.66,1378,920,44,64,1,1408.21,982.742,1378.42,975.865,1391.17,920.579,1420.97,927.455,31
19,1139.5,605,1114,577,52,57,1,1116.98,632.653,1114.67,579.406,1162.02,577.347,1164.33,630.594,31
284,779.598,585.155,754,555,52,62,1,783.423,615.299,754.66,602.516,775.773,555.01,804.536,567.794,31

200,794.873,433.079,749,375,92,117,1,797.459,490.39,749.993,468.815,792.288,375.767,839.753,397.342,31
495,1498.06,312.026,1483,295,31,35,1,1500.93,328.828,1483.91,321.535,1495.19,295.224,1512.21,302.517,31
679,1006.37,188.116,992,170,29,37,1,1010.89,205.342,992.843,199.701,1001.85,170.89,1019.9,176.53,31
569,675.784,1950.43,637,1892,78,118,1,683.196,2008.3,637.612,1994.55,668.372,1892.56,713.956,1906.3,32
424,797.381,1856.06,762,1807,72,100,1,806.697,1905.01,762.661,1891.8,788.064,1807.12,832.101,1820.33,32
290,1355.82,1721.58,1331,1688,51,69,1,1364.81,1755.11,1331.49,1746.34,1346.83,1688.06,1380.15,1696.83,32
203,1294.51,1631.92,1268,1581,54,103,1,1305.16,1682.03,1268.19,1675.86,1283.86,1581.81,1320.84,1587.97,32
11,1422.54,1239.74,1388,1153,70,174,1,1430.67,1325.64,1388.97,1319.23,1414.41,1153.83,1456.12,1160.25,32
14,1401.92,938.385,1381,907,43,63,1,1411.04,968.808,1381.81,962.962,1392.81,907.962,1422.04,913.808,32
284,774.948,595.379,750,565,51,62,1,780.103,625.241,750.621,613.448,769.793,565.517,799.276,577.31,32
19,1143,603,1119,569,49,69,1,1119,637,1119,569,1167,569,1167,637,32
734,2051.61,534.101,2040,525,24,19,1,2060.89,542.399,2040.64,540.017,2042.32,525.802,2062.57,528.184,32
200,793.312,437.294,747,376,94,124,1,796.492,498.236,747.398,477.492,790.133,376.352,839.227,397.096,32
495,1498.85,304.05,1488,289,23,32,1,1505.56,319.08,1488.2,316.6,1492.14,289.02,1509.5,291.5,32
679,1003.9,195.2,989,177,31,38,1,1005,213,989,205,1002.8,177.4,1018.8,185.4,32
569,685.038,1922.82,645,1863,81,121,1,691.92,1982.15,645.778,1967.83,678.156,1863.5,724.298,1877.82,33
424,804.803,1831.99,769,1782,72,101,1,813.899,1881.67,769.862,1868.46,795.706,1782.31,839.743,1795.52,33
290,1358,1698.5,1335,1671,47,56,1,1335,1726,1335,1671,1381,1671,1381,1726,33
203,1298.27,1611.65,1269,1561,59,103,1,1308.19,1662.04,1269.73,1654.35,1288.35,1561.27,1326.81,1568.96,33
11,1424.58,1225.35,1390,1137,70,177,1,1433.31,1312.77,1390.21,1306.2,1415.85,1137.93,1458.95,1144.5,33
14,1403,925.5,1387,898,33,56,1,1387,953,1387,898,1419,898,1419,953,33
284,769.884,604.856,744,573,53,65,1,773.26,636.027,744.178,622.808,766.507,573.685,795.589,586.904,33
19,1146.93,594.509,1118,556,59,78,1,1127.58,632.856,1118.21,562.572,1166.29,556.162,1175.66,626.445,33
734,2050.98,535.749,2039,527,25,18,1,2061.33,543.708,2039.73,542.358,2040.64,527.79,2062.24,529.14,33
200,791.553,442.055,743,376,98,133,1,795.313,507.453,743.941,487.045,787.794,376.658,839.166,397.066,33
495,1499.23,297.346,1487,281,26,34,1,1505.77,313.154,1487.12,309.423,1492.69,281.538,1511.35,285.269,33
679,1000.58,200.819,985,182,32,39,1,1003.14,219.345,985.397,211.741,998.017,182.293,1015.76,189.897,33
569,693.458,1895.49,655,1837,78,118,1,703.469,1953.95,655.154,1940.77,683.446,1837.03,731.762,1850.21,34
424,810.544,1808.92,776,1759,70,101,1,823.451,1858.11,776.854,1847.01,797.637,1759.72,844.234,1770.82,34
290,1359.17,1693.48,1334,1649,51,89,1,1379.52,1736.98,1334.77,1734.85,1338.81,1649.99,1383.57,1652.12,34
203,1301.74,1591.35,1278,1544,48,96,1,1318.49,1638.7,1278.86,1636.06,1285,1544,1324.62,1546.64,34
11,1425.4,1209.42,1391,1122,70,176,1,1434.76,1296.05,1391.68,1289.77,1416.03,1122.8,1459.11,1129.08,34
14,1404.38,912.043,1386,882,38,61,1,1416.2,941.244,1386.45,937.939,1392.57,882.841,1422.32,886.146,34
284,763.628,613.745,736,582,57,65,1,762.69,645.144,736.115,628.903,764.566,582.346,791.142,598.586,34
19,1148.5,585.5,1125,551,48,70,1,1125,620,1125,551,1172,551,1172,620,34
734,2050.5,536.5,2039,529,24,16,1,2039,544,2039,529,2062,529,2062,544,34
200,788.828,446.931,739,378,101,139,1,791.483,515.793,739.414,494.966,786.172,378.069,838.241,398.897,34
495,1500.59,290.647,1488,274,27,34,1,1506.35,306.588,1488,302,1494.82,274.706,1513.18,279.294,34
679,997.647,207.912,984,190,29,37,1,1003.65,225.412,984.118,220.529,991.647,190.412,1011.18,195.294,34
569,702.756,1867.61,663,1808,81,120,1,709.443,1926.93,663.212,1912.33,696.068,1808.28,742.3,1822.88,35
424,817.669,1786.05,784,1737,69,100,1,827.615,1835.08,784.208,1823.24,807.723,1737.02,851.131,1748.85,35
290,1360.07,1672.04,1333,1625,55,95,1,1373.17,1718.92,1333.17,1712.61,1346.98,1625.15,1386.98,1631.47,35
203,1304.2,1571.27,1273,1521,63,102,1,1312.83,1621.2,1273.84,1611.84,1295.56,1521.33,1334.55,1530.69,35
11,1427.66,1195.12,1391,1108,74,175,1,1435.73,1281.88,1391.37,1274.34,1419.59,1108.36,1463.95,1115.9,35
14,1406.5,899.5,1391,873,32,54,1,1391,926,1391,873,1422,873,1422,926,35
284,758.828,624.931,734,592,51,66,1,762.241,656.897,734.31,645.724,755.414,592.966,783.345,604.138,35
19,1151.69,576.381,1124,539,57,76,1,1131.05,613.495,1124.11,544.089,1172.33,539.267,1179.27,608.673,35
734,2049,538,2037,530,25,17,1,2037,546,2037,530,2061,530,2061,546,35
200,785.269,452.625,733,380,105,146,1,785.48,524.336,733.728,502.485,785.059,380.914,836.81,402.764,35
495,1501.74,283.559,1489,267,27,34,1,1507.65,299.412,1489.06,294.765,1495.82,267.706,1514.41,272.353,35
679,993.317,214.66,974,197,39,36,1,983.633,231.319,974.669,209.805,1003,198,1011.96,219.515,35
569,709.26,1841.62,668,1782,84,120,1,717.479,1900.75,668.241,1885,701.042,1782.49,750.28,1798.25,36
424,823.579,1764.09,789,1714,70,102,1,832.472,1814.1,789.195,1801.47,814.686,1714.08,857.963,1726.7,36
290,1362.96,1651.03,1334,1602,59,99,1,1378.95,1699.39,1334.86,1693.52,1346.98,1602.66,1391.06,1608.54,36
203,1307.32,1551.64,1284,1505,48,94,1,1326.28,1597.62,1284.44,1595.8,1288.36,1505.67,1330.2,1507.49,36
11,1429.32,1179.98,1394,1093,72,175,1,1443.85,1266.23,1394,1260,1414.78,1093.72,1464.63,1099.95,36
14,1409.29,887.676,1388,856,44,64,1,1417.88,918.529,1388.45,911.988,1400.71,856.823,1430.14,863.365,36
284,754.344,636.13,732,605,46,63,1,761.032,666.892,732.067,658.372,747.656,605.369,776.621,613.888,36
19,1154,568.5,1130,534,49,70,1,1130,603,1130,534,1178,534,1178,603,36
734,2049.14,538.453,2034,527,32,24,1,2036.77,549.134,2034.18,531.873,2061.52,527.773,2064.11,545.034,36
200,783.042,457.162,729,381,109,153,1,781.857,532.917,729.577,510.844,784.228,381.407,836.508,403.481,36
495,1502.94,277.164,1488,260,31,36,1,1506.96,294.11,1488.77,287.288,1498.92,260.219,1517.11,267.041,36
679,989.676,220.554,974,204,33,34,1,978.703,236.216,974.216,209.297,1000.65,204.892,1005.14,231.811,36
569,717.974,1815.05,678,1756,81,119,1,727.573,1873.21,678.305,1858.66,708.375,1756.88,757.643,1771.44,37
424,829.599,1743.26,794,1692,72,104,1,838.121,1794.39,794.755,1781.63,821.076,1692.14,864.443,1704.89,37
290,1365.72,1631.22,1338,1584,56,95,1,1381.82,1677.48,1338.74,1672.09,1349.63,1584.95,1392.71,1590.34,37
203,1307.98,1532.61,1277,1483,63,100,1,1318.41,1581.65,1277.75,1572.61,1297.54,1483.56,1338.2,1492.6,37
11,1433.88,1165.92,1403,1082,62,169,1,1456.03,1249.33,1403.91,1246.85,1411.74,1082.51,1463.86,1084.99,37
14,1410.62,875.457,1391,845,40,62,1,1423.11,905.012,1391.94,901.549,1398.12,845.902,1429.29,849.366,37
284,750.221,646.844,726,615,49,65,1,757.205,678.339,726.632,668.851,743.236,615.349,773.809,624.837,37
734,2048.27,539.785,2033,528,32,24,1,2035.87,550.819,2033.18,532.873,2060.66,528.751,2063.35,546.697,37
19,1157.19,559.511,1130,523,55,74,1,1179.95,595.831,1130.55,593.086,1134.43,523.191,1183.84,525.935,37
200,781.503,460.379,722,380,120,162,1,774.11,540.32,722.958,515.313,788.897,380.438,840.049,405.446,37
495,1504.19,270.84,1490,254,29,35,1,1510.13,287.038,1490.58,281.453,1498.25,254.642,1517.79,260.226,37
679,986.397,226.98,970,210,33,35,1,974.681,243.109,970.865,214.485,998.114,210.852,1001.93,239.476,37
569,725.281,1789.21,686,1732,79,115,1,739.515,1845.44,686.715,1832.53,711.047,1732.99,763.848,1745.9,38
424,835.415,1722.8,798,1670,75,107,1,842.087,1775.52,798.982,1761.48,828.742,1670.08,871.847,1684.11,38
290,1368.38,1612.3,1341,1566,56,94,1,1385.4,1658.25,1341.43,1653.22,1351.36,1566.36,1395.33,1571.38,38
203,1310.91,1514.96,1285,1467,52,97,1,1330.12,1562.01,1285.98,1559.25,1291.69,1467.92,1335.83,1470.68,38
11,1429.71,1147.29,1347,1053,166,189,1,1416.93,1240.97,1347.45,1100.66,1442.48,1053.6,1511.96,1193.91,38
14,1410.09,862.424,1390,833,41,59,1,1425.26,890.855,1390.42,887.952,1394.92,833.993,1429.76,836.897,38
284,745.4,658.8,720,625,52,69,1,751.9,692.3,720.1,681.7,738.9,625.3,770.7,635.9,38
734,2047.71,540.929,2031,528,35,27,1,2035.39,553.094,2031.34,535.287,2060.04,528.764,2064.08,546.572,38
19,1158.76,551.552,1132,514,55,76,1,1180.63,588.388,1132.03,585.037,1136.88,514.716,1185.48,518.067,38
200,777.302,467.695,718,385,120,166,1,771.287,549.432,718.388,524.671,783.318,385.957,836.217,410.719,38
495,1504.4,264.7,1488,247,34,37,1,1508,282,1488.4,272.2,1500.8,247.4,1520.4,257.2,38
679,983.5,233.5,970,218,28,32,1,970,249,970,218,997,218,997,249,38
569,733.648,1763.9,695,1707,78,115,1,743.733,1820.1,695.639,1806.51,723.562,1707.7,771.656,1721.29,39
424,842.089,1699.84,806,1648,73,105,1,849.349,1751.64,806.542,1738.21,834.829,1648.04,877.636,1661.47,39
290,1371.21,1592.08,1344,1546,56,93,1,1388.7,1637.74,1344.13,1632.79,1353.73,1546.41,1398.29,1551.37,39
203,1313.68,1496.16,1283,1446,63,101,1,1322.46,1545.91,1283.28,1536.51,1304.9,1446.42,1344.08,1455.82,39
11,1433.84,1136.47,1397,1052,75,170,1,1443.7,1220.78,1397.16,1213.03,1423.97,1052.16,1470.51,1059.92,39
14,1413.95,850.15,1390,819,49,64,1,1420.3,881.1,1390.3,871.1,1407.6,819.2,1437.6,829.2,39
284,740.653,668.328,713,633,56,72,1,746.993,703.27,713.35,691.037,734.314,633.387,767.956,645.62,39
734,2048.21,535.323,2029,513,40,46,1,2047.82,557.294,2029,546,2048.59,513.353,2067.41,524.647,39
19,1160.84,542.236,1136,507,51,71,1,1182.81,576.648,1136.55,575.053,1138.87,507.823,1185.12,509.418,39
200,772.999,476.116,714,394,119,165,1,767.521,557.478,714.029,532.439,778.476,394.755,831.969,419.794,39
495,1505.06,257.265,1491,241,30,33,1,1512.53,272.882,1491.12,267.529,1497.59,241.647,1519,247,39
679,982.289,240.058,966,220,34,41,1,991.269,259.654,966.462,254.692,973.308,220.462,998.115,225.423,39
569,741.789,1738.46,705,1685,75,108,1,759.893,1791.17,705.195,1780.5,723.684,1685.74,778.382,1696.42,40
424,848.277,1680.11,814,1629,69,103,1,857.852,1730.69,814.603,1719.05,838.702,1629.54,881.952,1641.18,40
290,1373.62,1570.69,1345,1522,59,99,1,1388.58,1619.14,1345.11,1612.62,1358.66,1522.25,1402.13,1528.77,40
203,1318.6,1477.57,1296,1431,47,94,1,1335.43,1523.88,1296.02,1521.36,1301.77,1431.26,1341.18,1433.78,40
11,1438.1,1123.62,1407,1041,64,166,1,1451.45,1205.94,1407,1201,1424.74,1041.31,1469.2,1046.24,40
14,1415.47,838.404,1395,808,42,61,1,1426.19,867.944,1395.04,862.28,1404.75,808.864,1435.9,814.528,40
284,734.634,678.255,704,642,63,74,1,735.605,714.057,704.006,696.822,733.662,642.452,765.261,659.688,40
734,2047.18,536.596,2028,514,40,46,1,2047.46,558.981,2028.2,548.471,2046.89,514.21,2066.15,524.72,40
19,1163.13,534.602,1137,497,54,76,1,1182.82,571.984,1137.02,567.82,1143.43,497.221,1189.24,501.385,40
200,769.734,482.072,711,398,119,169,1,764.897,565.231,711.016,541.156,774.57,398.914,828.452,422.989,40
495,1505.14,250.865,1491,234,29,34,1,1512.49,266.776,1491.74,262.165,1497.79,234.953,1518.54,239.565,40
679,979,247.5,958,226,44,44,1,974.5,268.5,958,252,983.5,226.5,1000,243,40
569,750.627,1713.32,715,1662,72,104,1,771.34,1764.4,715.839,1756.08,729.914,1662.24,785.416,1670.56,41
424,854.375,1658.62,818,1607,73,105,1,861.996,1710.15,818.86,1696.73,846.753,1607.08,889.889,1620.5,41
290,1376.79,1552.35,1348,1504,59,97,1,1392.67,1599.98,1348.52,1593.85,1360.9,1504.71,1405.05,1510.84,41
203,1318.44,1466.42,1292,1426,54,82,1,1333.52,1506.36,1292.78,1500.54,1303.36,1426.48,1344.1,1432.3,41
11,1436.35,1108.85,1399,1025,76,168,1,1447.6,1191.87,1399.56,1184.12,1425.09,1025.82,1473.13,1033.57,41
14,1418.58,826.29,1396,796,46,62,1,1426.56,856.19,1396.66,848.138,1410.59,796.389,1440.5,804.441,41
284,729.762,689.367,701,653,58,73,1,733.752,724.932,701.808,711.714,725.772,653.802,757.716,667.02,41
734,2046.04,538.337,2026,515,41,47,1,2045.02,560.764,2026.33,549.079,2047.06,515.91,2065.75,527.596,41
19,1166.77,526.465,1136,487,62,80,1,1186.01,565.462,1136.71,557.879,1147.54,487.468,1196.84,495.052,41
200,766.672,488.162,706,402,122,173,1,761.212,573.478,706.763,549.149,772.132,402.846,826.581,427.175,41
679,976.298,253.778,960,234,34,41,1,985.215,273.332,960.151,267.961,967.38,234.224,992.444,239.595,41
495,1507,244.5,1491,227,34,36,1,1510.6,261.8,1491,252,1503.4,227.2,1523,237,41
569,757.645,1689.01,724,1639,69,101,1,777.681,1738.51,724.264,1730.7,737.609,1639.5,791.026,1647.32,42
424,861.25,1635.75,825,1586,73,101,1,868.5,1685.5,825.6,1671.2,854,1586,896.9,1600.3,42
290,1379.17,1534.49,1352,1488,56,94,1,1396.82,1580.27,1352.31,1575.55,1361.52,1488.71,1406.03,1493.43,42
203,1322.95,1438.79,1290,1391,67,97,1,1329.52,1486.31,1290.8,1474.4,1316.38,1391.27,1355.1,1403.18,42
11,1438.84,1094.63,1403,1012,73,167,1,1449.78,1177.15,1403.44,1169.97,1427.9,1012.11,1474.24,1019.29,42
14,1420.05,814.613,1400,785,41,60,1,1428.42,843.381,1401,837.735,1411.68,785.846,1439.1,791.492,42
284,724.845,700.638,696,664,58,74,1,729.448,736.379,696.862,723.345,720.241,664.897,752.828,677.931,42
734,2045.43,539.193,2024,515,43,49,1,2043.64,562.471,2024.94,550.371,2047.23,515.915,2065.93,528.015,42
19,1169.65,518.021,1140,479,61,79,1,1189.56,556.215,1140.15,549.4,1149.75,479.827,1199.15,486.642,42
200,763.222,495.408,702,409,123,174,1,757.567,581.636,702.763,557.149,768.877,409.179,823.681,433.666,42
679,973.05,260.85,956,240,36,43,1,978.8,281.6,956,274,967.3,240.1,990.1,247.7,42
495,1508.23,238.873,1491,221,35,37,1,1510.16,256.485,1491.64,245.086,1506.3,221.262,1524.82,232.661,42
569,764.038,1664.14,727,1612,75,105,1,778.396,1715.88,727.474,1703.46,749.681,1612.41,800.603,1624.83,43
424,867.1,1616.01,833,1567,69,99,1,875.87,1664.83,833.208,1652.22,858.331,1567.19,900.993,1579.79,43
290,1382.41,1515.93,1351,1466,64,101,1,1398.5,1565.82,1351.72,1558.43,1366.31,1466.05,1413.09,1473.44,43
203,1326.79,1421.82,1296,1374,62,96,1,1335.82,1468.71,1296.76,1458.94,1317.76,1374.94,1356.82,1384.71,43
11,1443.79,1082.52,1410,1000,69,167,1,1453.47,1165.04,1410.25,1158.53,1434.12,1000.01,1477.33,1006.51,43
14,1419,802.5,1404,777,31,52,1,1404,828,1404,777,1434,777,1434,828,43
284,720.123,712.171,692,676,58,74,1,725.808,748.178,692.164,735.562,714.438,676.164,748.082,688.781,43
734,2044.67,540.421,2024,517,43,48,1,2043.11,563.82,2024.33,552.079,2046.24,517.022,2065.02,528.764,43
19,1172.55,510.341,1143,472,60,78,1,1192.65,548.62,1143.13,542.018,1152.46,472.061,1201.98,478.664,43
200,759.252,503.198,698,416,124,176,1,753.715,590.256,698.096,565.404,764.789,416.14,820.408,440.991,43
679,969.27,268.049,947,245,45,47,1,965.487,290.301,947.717,274.752,973.053,245.796,990.823,261.345,43
495,1506.97,231.246,1495,216,25,31,1,1515.42,245.677,1495.23,243.154,1498.52,216.815,1518.71,219.338,43
569,770.358,1640.46,731,1586,80,110,1,780.794,1694.11,731.381,1678.77,759.923,1586.8,809.336,1602.14,44
424,872.645,1595.71,838,1547,70,98,1,881.847,1643.86,838.937,1631.3,863.443,1547.57,906.353,1560.13,44
290,1385.18,1497.97,1356,1449,59,99,1,1405.17,1546.11,1356.84,1541.71,1365.2,1449.84,1413.52,1454.23,44
203,1328.29,1404.77,1297,1357,64,97,1,1341.33,1452.24,1297.48,1443.17,1315.25,1357.29,1359.1,1366.36,44
11,1417.7,1066.56,1358,980,120,174,1,1456.21,1152.94,1358.92,1140.65,1379.19,980.171,1476.48,992.461,44
14,1422.96,791.37,1403,762,41,60,1,1430.36,820.225,1403.22,813.673,1415.57,762.516,1442.71,769.067,44
284,713.827,723.459,684,687,61,74,1,716.961,759.751,684.176,744.62,710.693,687.166,743.478,702.298,44
734,2043,542.078,2022,518,43,49,1,2040.52,565.247,2022.3,552.787,2045.48,518.909,2063.69,531.37,44
19,1173.89,503.304,1143,463,63,82,1,1192.48,543.238,1143.68,535.368,1155.3,463.37,1204.09,471.24,44
200,756.193,509.592,692,420,129,180,1,747.719,598.814,692.525,572.67,764.667,420.369,819.862,446.514,44
679,965.5,274.5,951,259,30,32,1,951,290,951,259,980,259,980,290,44
495,1509.69,225.869,1494,209,32,35,1,1511.77,242.72,1494.47,233.408,1507.61,209.018,1524.9,218.33,44
569,777.94,1616.67,741,1565,75,104,1,790.887,1667.62,741.092,1654.16,764.993,1565.73,814.788,1579.19,45
424,877.971,1573.04,842,1525,73,98,1,884.621,1621,842.785,1606.3,871.321,1525.09,913.157,1539.78,45
290,1385.3,1479.65,1356,1430,60,100,1,1401.69,1528.64,1356.39,1522.46,1368.91,1430.67,1414.2,1436.85,45
203,1332.75,1387.22,1300,1339,66,97,1,1342.61,1434.68,1300.96,1423.82,1322.89,1339.75,1364.53,1350.62,45
11,1419.33,1051.85,1362,968,116,168,1,1458.6,1134.73,1362.17,1123.57,1380.07,968.976,1476.5,980.142,45
14,1425,779.581,1408,751,35,58,1,1433.34,807.475,1408.32,803.438,1416.66,751.688,1441.69,755.724,45
284,710.184,734.922,682,698,57,74,1,718,771,682.957,759.85,702.368,698.844,737.411,709.994,45
734,2042.23,542.878,2020,518,45,50,1,2038.81,566.865,2020.65,553.892,2045.65,518.892,2063.81,531.865,45
19,1174.5,494,1151,459,48,71,1,1151,529,1151,459,1198,459,1198,529,45
200,752.212,517.812,689,427,128,183,1,745.372,608.089,689.076,582.701,759.053,427.534,815.349,452.922,45
679,962.5,281.5,947,265,32,34,1,947,298,947,265,978,265,978,298,45
495,1509.8,219.443,1497,203,27,34,1,1514.96,235.132,1497.13,230.038,1504.64,203.755,1522.47,208.849,45
569,785.248,1594.35,747,1543,78,103,1,797.588,1644.77,747.435,1629.91,772.908,1543.94,823.061,1558.8,46
424,884.888,1553.65,851,1505,69,98,1,893.525,1601.84,851.448,1589.4,876.25,1505.46,918.327,1517.89,46
290,1388.22,1461.57,1361,1414,56,96,1,1406.93,1508.81,1361.3,1504.66,1369.52,1414.32,1415.14,1418.47,46
203,1335.02,1368.26,1311,1325,49,88,1,1352.06,1411.23,1311.83,1408.25,1317.98,1325.29,1358.2,1328.27,46
11,1423.73,1038.02,1364,954,120,169,1,1460.24,1121.74,1364.66,1107.69,1387.22,954.297,1482.8,968.353,46
14,1427.47,768.118,1407,739,42,59,1,1435.35,796.588,1407.12,789.529,1419.59,739.647,1447.82,746.706,46
284,704.607,746.153,676,709,58,76,1,709.137,783.22,676.225,770.421,700.078,709.086,732.989,721.885,46
734,2041.6,543.616,2019,519,46,50,1,2037.95,567.692,2019.82,554.503,2045.24,519.541,2063.38,532.73,46
19,1178.5,485.5,1155,452,48,68,1,1155,519,1155,452,1202,452,1202,519,46
200,749.226,523.543,684,430,131,188,1,741.529,616.611,684.565,590.921,756.923,430.475,813.887,456.165,46
679,958.715,288.223,942,270,35,37,1,946.354,305.831,942.4,274.2,971.077,270.615,975.031,302.246,46
495,1511.9,213.2,1497,196,31,35,1,1514.8,229.4,1497.2,220.6,1509,197,1526.6,205.8,46
569,791.556,1571.61,754,1521,76,102,1,805.883,1621.46,754.964,1608.36,777.23,1521.77,828.149,1534.87,47
424,890.627,1534.81,852,1486,78,99,1,895.727,1583.11,852.602,1565.03,885.527,1486.51,928.653,1504.6,47
290,1390.27,1443.61,1360,1395,61,98,1,1407.04,1491.72,1360.7,1485.1,1373.5,1395.5,1419.84,1402.12,47
203,1335.15,1352.23,1304,1305,63,96,1,1349,1399,1304.38,1390.08,1321.31,1305.46,1365.92,1314.38,47
11,1434.19,1031.17,1372,949,126,165,1,1395.41,1112.71,1372.07,965.64,1472.97,949.624,1496.32,1096.7,47
14,1428.66,756.587,1410,729,38,56,1,1439.93,783.524,1410.72,779.629,1417.38,729.651,1446.59,733.546,47
284,698.562,758.131,669,721,61,75,1,701.63,794.903,669.069,780.307,695.494,721.359,728.055,735.955,47
734,2040.18,545.579,2018,521,45,50,1,2036.59,569.275,2018.61,556.029,2043.77,521.883,2061.75,535.129,47
200,744.123,534.271,680,442,130,185,1,737.48,625.589,680.076,599.701,750.766,442.953,808.17,468.841,47
19,1182.16,477.678,1153,440,59,76,1,1203.3,514.568,1153.69,509.252,1161.02,440.788,1210.63,446.103,47
679,957.084,296.066,938,273,39,47,1,962.928,318.403,938.412,309.647,951.24,273.729,975.756,282.484,47
495,1513.07,207.888,1496,190,35,37,1,1515.11,225.069,1496.81,213.807,1511.03,190.708,1529.33,201.97,47
569,797.946,1550.32,764,1502,68,98,1,816.486,1598.08,764.919,1589.49,779.405,1502.57,830.973,1511.16,48
424,895.168,1515.99,861,1468,69,97,1,904.583,1563.28,861.512,1550.52,885.754,1468.7,928.825,1481.47,48
290,1392.64,1426.56,1364,1378,59,98,1,1412.18,1474.22,1364.06,1469.41,1373.11,1378.91,1421.23,1383.72,48
203,1339.61,1334.66,1315,1291,51,88,1,1360.82,1377.47,1315.05,1375.64,1318.41,1291.86,1364.17,1293.69,48
11,1424.82,1011.26,1366,929,119,166,1,1461.68,1093.24,1366.48,1079.64,1387.96,929.28,1483.16,942.88,48
284,692.657,768.524,661,728,64,82,1,696.74,808.225,661.592,793.58,688.574,728.822,723.722,743.467,48
14,1429.43,746.09,1410,717,40,59,1,1438.03,774.374,1410.16,768.507,1420.83,717.806,1448.7,723.674,48
734,2039.74,545.604,2015,518,51,56,1,2034.59,572.329,2015.37,557.722,2044.89,518.878,2064.11,533.485,48
200,741.011,539.672,674,443,135,194,1,733.467,635.485,674.19,608.752,748.554,443.858,807.832,470.591,48
19,1183.97,471.152,1155,432,59,79,1,1205.33,509.448,1155.21,504.264,1162.6,432.855,1212.72,438.04,48
679,953.242,302.786,935,280,37,46,1,962.303,324.685,935.5,318.5,944.18,280.888,970.983,287.073,48
495,1513.7,201.1,1498,183,33,37,1,1516.8,218.4,1498,209,1510.6,183.8,1529.4,193.2,48
569,805.8,1527.1,767,1477,79,101,1,817.1,1576.7,767,1560,794.5,1477.5,844.6,1494.2,49
424,898.76,1497.16,864,1450,71,95,1,909.087,1543.72,864.043,1529.86,888.433,1450.59,933.476,1464.45,49
290,1395.27,1408.48,1365,1359,61,100,1,1412.36,1457.22,1365.54,1450.71,1378.17,1359.75,1424.99,1366.25,49
203,1342,1318.5,1319,1277,47,84,1,1319,1360,1319,1277,1365,1277,1365,1360,49
11,1425.67,999.31,1367,916,119,168,1,1462.38,1082.34,1367.18,1068.74,1388.96,916.28,1484.16,929.88,49
284,687.071,781.03,655,740,65,83,1,691.355,821.148,655.568,806.237,682.787,740.911,718.574,755.823,49
14,1432.23,735.191,1410,706,45,60,1,1440.47,764.035,1410.96,756.336,1424,706.347,1453.51,714.046,49
734,2038.85,546.798,2013,519,52,56,1,2032.97,573.931,2013.93,559.033,2044.74,519.666,2063.78,534.564,49
200,737.6,547.8,667,452,142,193,1,726.2,643.6,667.8,614.4,749,452,807.4,481.2,49
19,1185.53,463.004,1157,424,58,79,1,1206.38,501.039,1157.35,495.967,1164.69,424.968,1213.72,430.04,49
679,948.553,310.488,926,286,46,50,1,948.588,334.647,926.653,320.688,948.518,286.329,970.453,300.288,49
495,1513.98,194.248,1502,180,25,30,1,1523.56,208.297,1502.21,206.517,1504.4,180.2,1525.75,181.979,49
569,812.284,1505.39,774,1454,78,103,1,824.45,1555.84,774.358,1540.81,800.119,1454.94,850.211,1469.96,50
424,905.863,1476.7,869,1428,75,99,1,911.699,1525.14,869.616,1509.36,900.027,1428.26,942.11,1444.04,50
290,1397.93,1391.38,1367,1341,62,102,1,1413.85,1441.22,1367.96,1434.27,1382.01,1341.55,1427.89,1348.5,50
203,1342.79,1303.04,1314,1258,58,91,1,1359.67,1347.96,1314.74,1341.97,1325.92,1258.12,1370.85,1264.11,50
11,1427.35,987.112,1369,905,118,165,1,1465.66,1068.26,1369.51,1055.72,1389.05,905.963,1485.19,918.504,50
284,681.5,793,649,751,66,85,1,686.345,834.138,649.621,819.448,676.655,751.862,713.379,766.552,50
14,1433.28,724.476,1414,697,39,56,1,1446.21,751.134,1414.82,747.646,1420.35,697.817,1451.74,701.305,50
734,2036.51,549.61,2012,523,50,54,1,2031.29,575.634,2012.27,560.415,2041.73,523.585,2060.76,538.805,50
200,733.2,555.6,662,458,143,196,1,721.8,652.4,662.6,622.8,744.6,458.8,803.8,488.4,50
19,1187.88,455.098,1159,417,58,77,1,1208.28,492.476,1159.77,487.085,1167.48,417.72,1215.99,423.11,50
679,945.743,318.619,922,294,49,50,1,941.785,342.906,922.006,325.105,949.702,294.332,969.481,312.133,50
495,1514.81,189.276,1500,172,31,35,1,1518.64,205.845,1500.17,197.931,1510.98,172.707,1529.45,180.621,50
569,818.5,1484,781,1435,76,99,1,828.5,1532.5,781.4,1516.8,808.5,1435.5,855.6,1451.2,51
424,911.839,1456.32,876,1408,73,97,1,917.45,1503.74,876.242,1488.15,906.228,1408.9,947.436,1424.49,51
290,1400.42,1374.53,1370,1325,62,100,1,1416.46,1423.53,1370.39,1416.45,1384.38,1325.52,1430.44,1332.61,51
203,1345.67,1286.65,1318,1242,56,90,1,1362.18,1330.52,1318.86,1325.11,1329.15,1242.77,1372.48,1248.18,51
11,1429.56,973.133,1371,892,118,164,1,1465.71,1054.07,1371.14,1039.8,1393.42,892.196,1487.99,906.47,51
284,675.399,804.768,642,764,68,83,1,677.968,845.511,642.247,828.591,672.83,764.025,708.552,780.946,51
14,1433.5,712.5,1418,689,32,48,1,1418,736,1418,689,1449,689,1449,736,51
734,2035.52,550.77,2011,524,50,54,1,2029.69,576.574,2011.2,561.164,2041.36,524.967,2059.85,540.377,51
200,729,564,657,466,145,198,1,717,662,657.8,632.4,741,466,800.2,495.6,51
19,1189.96,446.985,1165,413,51,69,1,1212.34,480.871,1165.73,479.576,1167.58,413.099,1214.18,414.394,51
679,943.066,325.747,926,304,35,44,1,953.749,346.592,926.481,342.286,932.384,304.903,959.651,309.208,51
495,1515.5,182,1505,169,22,27,1,1505,195,1505,169,1526,169,1526,195,51
569,825.15,1462.26,784,1412,83,102,1,831.496,1512.43,784.913,1492.9,818.805,1412.08,865.388,1431.61,52
424,917.5,1439.5,880,1391,76,98,1,923.586,1487.03,880.31,1469.72,911.414,1391.97,954.69,1409.28,52
290,1401.51,1357.95,1372,1310,60,97,1,1421.07,1405.34,1372.01,1399.89,1381.94,1310.55,1431,1316,52
203,1349.63,1269.11,1327,1228,46,83,1,1369.59,1309.89,1327.59,1308.81,1329.66,1228.32,1371.66,1229.4,52
11,1455.09,964.511,1421,887,69,156,1,1469.15,1041.54,1421.74,1035.36,1441.02,887.482,1488.43,893.666,52
284,670.216,816.882,638,775,66,85,1,674.284,858.118,638.071,843.03,666.148,775.645,702.361,790.734,52
14,1436.41,703.921,1418,676,37,57,1,1447.1,731.279,1418.93,727.524,1425.72,676.563,1453.89,680.319,52
734,2034.28,552.122,2009,526,51,54,1,2028.13,578.114,2009.67,562.486,2040.43,526.131,2058.9,541.759,52
200,725.668,570.67,653,471,146,200,1,712.508,669.485,653.471,639.41,738.828,471.856,797.865,501.931,52
19,1192.28,439.518,1168,405,49,70,1,1214.12,473.77,1168.87,472.718,1170.44,405.266,1215.69,406.318,52
679,939.178,333.782,915,309,49,51,1,936.49,358.401,915.579,341.292,941.866,309.163,962.777,326.272,52
495,1516.5,176.5,1506,164,22,26,1,1506,189,1506,164,1527,164,1527,189,52
569,831.9,1443.3,794,1394,77,100,1,842,1492,794.6,1476.2,821.8,1394.6,869.2,1410.4,53
424,922.695,1421.06,883,1373,81,97,1,926.66,1468.49,883.09,1447.46,918.731,1373.63,962.301,1394.66,53
290,1403.9,1341.72,1373,1293,62,98,1,1422,1389.53,1373.92,1383.12,1385.81,1293.91,1433.89,1300.32,53
203,1350.35,1254.37,1324,1211,54,88,1,1367.28,1297.48,1324.37,1292.71,1333.41,1211.27,1376.33,1216.04,53
11,1433.52,950.48,1379,873,110,156,1,1474.5,1027.78,1379.82,1019.55,1392.55,873.178,1487.23,881.411,53
284,664.334,830.098,631,788,67,85,1,668.663,871.609,631.811,856.254,660.006,788.586,696.858,803.941,53
14,1438,692,1419,665,39,55,1,1448.22,718.703,1419.68,713.946,1427.78,665.297,1456.32,670.054,53
734,2033.11,553.431,2008,527,51,54,1,2026.69,579.665,2008.24,563.941,2039.54,527.197,2057.99,542.921,53
200,720.875,579.782,647,479,148,202,1,707.247,679.871,647.959,649.688,734.502,479.692,793.791,509.875,53
19,1193.5,432.5,1170,399,48,68,1,1170,466,1170,399,1217,399,1217,466,53
679,934.66,341.38,909,317,52,50,1,927.52,365.36,909.64,341.52,941.8,317.4,959.68,341.24,53
495,1516.5,170.5,1505,158,24,26,1,1505,183,1505,158,1528,158,1528,183,53
569,838.399,1422.25,797,1374,84,98,1,843.378,1470.29,797.736,1448.32,833.421,1374.2,879.062,1396.18,54
424,927.908,1402.97,893,1357,71,92,1,936.175,1447.99,893.646,1433.33,919.64,1357.94,962.169,1372.61,54
290,1407.55,1326.5,1379,1280,58,94,1,1427.12,1372.81,1379.2,1368.02,1387.98,1280.2,1435.9,1284.99,54
203,1352,1238.29,1322,1194,61,90,1,1366.01,1282.46,1322.42,1273.96,1338,1194.12,1381.59,1202.63,54
11,1434.99,937.61,1381,860,109,156,1,1472.51,1014.39,1381.52,1004.28,1397.46,860.829,1488.45,870.939,54
284,658.531,843.18,626,801,66,85,1,661.072,884.588,626.093,869.041,655.99,801.773,690.969,817.32,54
14,1439,681,1425,658,29,47,1,1425,704,1425,658,1453,658,1453,704,54
734,2031.64,554.729,2006,528,52,54,1,2024.77,580.591,2006.65,564.282,2038.52,528.867,2056.64,545.177,54
200,717.182,587.94,645,485,145,207,1,707.955,690.331,645.749,661.875,726.409,485.549,788.615,514.005,54
19,1196.74,424.883,1170,389,54,73,1,1217.98,460.266,1170.99,457.133,1175.5,389.5,1222.49,392.633,54
679,931.6,348.3,909,323,47,52,1,935.2,373.6,909.2,360.6,928,323,954,336,54
495,1518.6,165.8,1503,148,32,36,1,1521.6,182.8,1503.2,173.6,1515.6,148.8,1534,158,54
569,845.29,1403.55,811,1359,70,90,1,859.549,1447.23,811.513,1434.7,831.032,1359.88,879.067,1372.41,55
424,931.75,1385.25,899,1341,67,90,1,939.6,1429.2,899.1,1415.7,923.9,1341.3,964.4,1354.8,55
290,1409.28,1310.65,1381,1265,57,92,1,1429.71,1355.48,1381.71,1351.48,1388.85,1265.82,1436.85,1269.82,55
203,1355.4,1222.17,1327,1179,58,88,1,1369,1265.19,1327.29,1257.46,1341.79,1179.15,1383.51,1186.87,55
11,1436.96,925.535,1383,849,109,154,1,1473.22,1001.51,1383.75,990.77,1400.69,849.563,1490.16,860.3,55
284,652.2,855.888,618,813,69,87,1,653.601,898.224,618.686,881.793,650.799,813.552,685.714,829.983,55
14,1439.5,672,1425,648,30,49,1,1425,696,1425,648,1454,648,1454,696,55
734,2030.15,556.243,2004,529,53,55,1,2022.66,582.561,2004.62,566.086,2037.63,529.926,2055.68,546.401,55
200,712.556,596.039,638,493,150,207,1,699.207,698.973,638.845,669.117,725.906,493.104,786.267,522.96,55
19,1197.04,417.431,1172,381,51,74,1,1216.28,453.02,1172.93,449.924,1177.8,381.843,1221.15,384.939,55
679,928.254,356.189,907,331,44,51,1,933.13,380.888,907.284,370.118,923.379,331.491,949.225,342.26,55
495,1519.43,159.934,1505,143,30,35,1,1522.25,176.318,1505.06,168.296,1516.61,143.551,1533.8,151.573,55
569,850.738,1383.61,813,1337,76,94,1,858.697,1429.66,813.639,1412.03,842.779,1337.57,887.836,1355.2,56
424,936.6,1367.7,904,1323,67,90,1,944.5,1411.5,904,1398,928.7,1323.9,969.2,1337.4,56
290,1410.71,1293.52,1383,1247,57,94,1,1431.06,1339.26,1383.06,1335.26,1390.35,1247.78,1438.35,1251.78,56
203,1358.01,1207.43,1330,1164,57,88,1,1372.09,1250.5,1330.33,1243.3,1343.94,1164.37,1385.7,1171.57,56
11,1438.56,913.785,1387,839,104,151,1,1478.52,988.442,1387.23,981.138,1398.59,839.127,1489.89,846.431,56
284,645.796,868.29,612,825,68,87,1,649.586,910.994,612.805,895.669,642.006,825.586,678.787,840.911,56
14,1441.09,660.87,1422,635,39,53,1,1452.62,686.66,1422.8,682.4,1429.56,635.08,1459.38,639.34,56
734,2028.75,556.75,2002,530,55,55,1,2020,583,2002.5,565.5,2037.5,530.5,2055,548,56
200,708.1,606.3,633,503,152,208,1,695.2,709.6,633.2,678.6,721,503,783,534,56
19,1200.16,410.518,1173,373,56,76,1,1219.41,447.268,1173.32,442.146,1180.91,373.768,1227.01,378.89,56
679,925.35,363.95,905,339,42,51,1,932.2,388.4,905.2,379.4,918.5,339.5,945.5,348.5,56
495,1519.6,153.741,1505,137,30,35,1,1523.34,170.138,1505.59,163.034,1515.86,137.345,1533.62,144.448,56
569,856.566,1363.5,819,1317,76,94,1,863.246,1409.51,819.557,1391.64,849.887,1317.5,893.575,1335.37,57
424,941.349,1350.5,910,1308,63,86,1,949.791,1392.55,910.914,1380.71,932.907,1308.45,971.784,1320.28,57
290,1412.56,1278.15,1386,1233,54,92,1,1432.71,1323.05,1386.23,1319.73,1392.41,1233.24,1438.89,1236.56,57
203,1360.5,1192.63,1332,1150,58,87,1,1372.44,1235.15,1332.43,1226.72,1348.55,1150.12,1388.57,1158.54,57
284,639.273,882.01,605,838,70,89,1,641.763,925.784,605.113,909.495,636.783,838.237,673.433,854.526,57
11,1442.5,903,1397,834,92,139,1,1397,972,1397,834,1488,834,1488,972,57
14,1442.46,649.743,1424,624,38,53,1,1452.46,675.243,1424.73,670.622,1432.46,624.243,1460.19,628.865,57
734,2027.75,557.25,2001,531,54,54,1,2018.5,583.5,2001.5,566.5,2037,531,2054,548,57
200,704.3,613.4,628,508,154,212,1,690.6,718.8,628.2,687.6,718,508,780.4,539.2,57
19,1201.5,401.5,1179,370,46,64,1,1179,433,1179,370,1224,370,1224,433,57
679,921.6,371.8,899,346,46,53,1,924.4,397.2,899.6,384.8,918.8,346.4,943.6,358.8,57
495,1520.24,148.204,1505,131,32,35,1,1522.64,164.807,1505.05,155.335,1517.83,131.601,1535.42,141.073,57
569,863.349,1345.82,832,1304,63,84,1,881.959,1386.75,832.896,1378.9,844.74,1304.88,893.803,1312.73,58
424,946.645,1332.08,914,1288,66,89,1,953.391,1375.32,914.826,1362.12,939.899,1288.83,978.464,1302.03,58
290,1414.56,1262.47,1386,1215,58,96,1,1432.35,1309.26,1386.29,1303.77,1396.78,1215.69,1442.84,1221.17,58
203,1362.3,1177.18,1336,1135,53,85,1,1377.19,1218.61,1336.75,1213.04,1347.41,1135.75,1387.85,1141.32,58
284,633.456,894.923,599,850,70,91,1,636.683,939.75,599.036,923.823,630.228,850.097,667.875,866.024,58
11,1442.46,890.633,1395,819,96,145,1,1484.34,962.167,1395.2,958.739,1400.57,819.099,1489.71,822.527,58
14,1444.93,640.795,1423,613,45,57,1,1451.46,668.199,1423.85,659.479,1438.4,613.39,1466.02,622.111,58
734,2025.49,558.238,1998,532,56,54,1,2015.14,584.149,1998.71,566.082,2035.84,532.326,2052.27,550.394,58
200,699.045,622.777,623,517,153,213,1,686.68,728.524,623.132,697.426,711.411,517.031,774.958,548.129,58
19,1203.66,394.591,1176,358,56,74,1,1221.21,430.753,1176.98,424.652,1186.11,358.429,1230.34,364.53,58
679,918.021,379.679,895,353,47,54,1,918.363,405.378,895.482,392.031,917.679,353.979,940.56,367.326,58
495,1520,141,1510,129,21,25,1,1510,153,1510,129,1530,129,1530,153,58
569,868.517,1325.29,830,1279,78,94,1,874.672,1371.43,830.862,1352.66,862.362,1279.16,906.172,1297.93,59
424,950.228,1315.94,919,1274,63,85,1,959.764,1357.48,919.928,1345.91,940.692,1274.39,980.528,1285.96,59
290,1416.58,1247.4,1388,1201,59,94,1,1433.49,1293.58,1388.02,1287.44,1399.67,1201.23,1445.14,1207.37,59
203,1364.25,1162.1,1338,1120,53,85,1,1379.28,1203.37,1338.93,1197.99,1349.22,1120.83,1389.57,1126.21,59
284,627.172,908.069,592,863,71,92,1,631.759,953.103,592.793,937.517,622.586,863.034,661.552,878.621,59
11,1464.3,879.805,1433,808,63,144,1,1479.18,950.885,1433.72,945.677,1449.42,808.725,1494.87,813.933,59
14,1445,630.5,1429,608,33,46,1,1429,653,1429,608,1461,608,1461,653,59
200,694.693,631.563,618,524,155,216,1,681.791,738.515,618.157,707.375,707.595,524.61,771.229,555.75,59
734,2024.5,559.5,1998,533,55,55,1,2015,586,1998,569,2034,533,2051,550,59
679,914.408,388.251,890,362,50,54,1,912.903,414.384,890.011,397.735,915.914,362.119,938.805,378.768,59
19,1205.53,387.925,1178,351,56,75,1,1222.15,424.343,1178.39,417.342,1188.92,351.507,1232.68,358.509,59
495,1520,136,1510,124,21,25,1,1510,148,1510,124,1530,124,1530,148,59
569,876.497,1306.54,847,1268,60,78,1,900.345,1344.17,847.543,1340.4,852.65,1268.9,905.452,1272.68,60
424,956.096,1298.62,924,1256,65,86,1,962.067,1340.97,924.445,1327.38,950.126,1256.27,987.747,1269.85,60
290,1418.69,1232.12,1391,1187,56,91,1,1437.51,1276.85,1391.38,1272.24,1399.86,1187.39,1446,1192,60
203,1366.42,1146.41,1340,1106,54,82,1,1381.1,1186.57,1340.73,1180.59,1351.74,1106.26,1392.11,1112.24,60
284,620.892,921.274,584,875,74,94,1,623.453,967.14,584.79,949.679,618.332,875.408,656.995,892.869,60
11,1467.63,868.171,1436,796,65,145,1,1478.36,939.548,1436.18,933.141,1456.89,796.794,1499.07,803.201,60
14,1447.3,619.976,1429,595,38,51,1,1459.9,644.341,1429.38,640.751,1434.69,595.611,1465.21,599.201,60
200,690.5,640,613,532,156,217,1,676.2,747.6,613,716,704.8,532.4,768,564,60
734,2023,561,1997,535,54,54,1,2014,587,1997,570,2032,535,2049,552,60
679,910.8,396.1,886,369,51,55,1,908.76,422.32,886.2,405.4,912.84,369.88,935.4,386.8,60
19,1207.67,380.629,1179,343,59,77,1,1223.11,418.248,1179.3,409.768,1192.22,343.011,1236.03,351.491,60
495,1521.5,130,1511,118,22,25,1,1511,142,1511,118,1532,118,1532,142,60
569,881.212,1287.8,847,1245,70,87,1,893.497,1330.37,847.298,1316.31,868.927,1245.24,915.126,1259.3,61
424,961.65,1282.55,930,1241,64,85,1,969.3,1324.1,930.6,1311.2,954,1241,992.7,1253.9,61
290,1421.27,1216.61,1392,1171,60,93,1,1438.28,1262.04,1392.22,1255.46,1404.26,1171.18,1450.32,1177.76,61
203,1368.88,1132.98,1343,1092,53,83,1,1385.14,1173.89,1343.05,1168.63,1352.62,1092.08,1394.71,1097.34,61
284,614.194,935.414,577,889,75,94,1,617.143,981.374,577.921,963.792,611.245,889.455,650.466,907.037,61
11,1470.16,857.908,1442,789,57,139,1,1494.57,926.664,1442.46,925.409,1445.74,789.151,1497.86,790.406,61
14,1449.98,611.011,1429,584,43,55,1,1456.99,637.804,1429.71,629.884,1442.97,584.217,1470.25,592.137,61
200,685.004,649.826,604,540,163,221,1,667.784,759.297,604.149,725.608,702.224,540.354,765.859,574.043,61
734,2022,562,1995,535,55,55,1,2012.5,588.5,1995.5,571.5,2031.5,535.5,2048.5,552.5,61
679,906.5,404,880,378,54,54,1,901,430,880.5,409.5,912,378,932.5,398.5,61
19,1209.83,372.794,1182,337,57,73,1,1225.99,408.409,1182.46,400.728,1193.67,337.178,1237.2,344.859,61
495,1523.5,126,1509,109,30,35,1,1525.8,142.4,1509,134,1521.2,10